frame_idx,file_name,frame,area_px,centroid_y,centroid_x,mean_intensity,max_intensity
0,ch20_URA7_URA8_001-crop1.tif,0,222,67.7252,67.9324,0.0038,0.0043
1,ch20_URA7_URA8_001-crop1.tif,1,203,65.4532,67.9655,0.0037,0.0043
2,ch20_URA7_URA8_001-crop1.tif,2,192,51.0156,64.3073,0.0031,0.0036
3,ch20_URA7_URA8_001-crop1.tif,3,170,54.2294,67.7824,0.0030,0.0035
4,ch20_URA7_URA8_001-crop1.tif,4,182,51.6374,60.1484,0.0031,0.0039
5,ch20_URA7_URA8_001-crop1.tif,5,228,53.0614,65.4342,0.0031,0.0038
6,ch20_URA7_URA8_001-crop1.tif,6,203,54.8227,63.8325,0.0030,0.0036
7,ch20_URA7_URA8_001-crop1.tif,7,192,55.1042,62.0938,0.0030,0.0037
8,ch20_URA7_URA8_001-crop1.tif,8,214,56.2336,63.0935,0.0030,0.0040
9,ch20_URA7_URA8_001-crop1.tif,9,221,58.1584,60.7783,0.0030,0.0053
10,ch20_URA7_URA8_001-crop1.tif,10,183,55.1585,62.7049,0.0029,0.0037
11,ch20_URA7_URA8_001-crop1.tif,11,220,57.1864,64.8682,0.0028,0.0034
12,ch20_URA7_URA8_001-crop1.tif,12,198,58.3485,65.1414,0.0029,0.0034
13,ch20_URA7_URA8_001-crop1.tif,13,136,54.4338,63.3897,0.0028,0.0032
14,ch20_URA7_URA8_001-crop1.tif,14,163,53.0798,64.1718,0.0028,0.0033
15,ch20_URA7_URA8_001-crop1.tif,15,162,53.9012,65.0864,0.0028,0.0033
16,ch20_URA7_URA8_001-crop1.tif,16,120,57.0583,67.9750,0.0028,0.0032
17,ch20_URA7_URA8_001-crop1.tif,17,152,57.4803,63.4211,0.0028,0.0031
18,ch20_URA7_URA8_001-crop1.tif,18,175,58.8743,61.9143,0.0028,0.0032
19,ch20_URA7_URA8_001-crop1.tif,19,176,60.9261,63.2955,0.0028,0.0033
20,ch20_URA7_URA8_001-crop1.tif,20,116,57.2931,62.1034,0.0027,0.0031
21,ch20_URA7_URA8_001-crop1.tif,21,110,59.3727,63.7273,0.0028,0.0031
22,ch20_URA7_URA8_001-crop1.tif,22,159,54.2830,62.8302,0.0028,0.0032
23,ch20_URA7_URA8_001-crop1.tif,23,166,52.3373,62.4337,0.0027,0.0033
24,ch20_URA7_URA8_001-crop1.tif,24,185,53.4811,62.8595,0.0027,0.0032
25,ch20_URA7_URA8_001-crop1.tif,25,186,55.5645,63.0269,0.0027,0.0032
26,ch20_URA7_URA8_001-crop1.tif,26,135,64.3259,62.7111,0.0027,0.0032
27,ch20_URA7_URA8_001-crop1.tif,27,178,55.8989,58.7191,0.0027,0.0030
28,ch20_URA7_URA8_001-crop1.tif,28,166,54.1687,58.7289,0.0027,0.0031
29,ch20_URA7_URA8_001-crop1.tif,29,167,61.3593,59.3772,0.0027,0.0031
30,ch20_URA7_URA8_001-crop1.tif,30,131,59.1069,57.8550,0.0027,0.0031
31,ch20_URA7_URA8_001-crop1.tif,31,115,67.9043,64.6087,0.0027,0.0031
32,ch20_URA7_URA8_001-crop1.tif,32,167,58.8084,62.4790,0.0027,0.0031
33,ch20_URA7_URA8_001-crop1.tif,33,191,60.4712,65.5131,0.0027,0.0029
34,ch20_URA7_URA8_001-crop1.tif,34,137,56.8102,65.6204,0.0027,0.0031
35,ch20_URA7_URA8_001-crop1.tif,35,149,59.7584,68.5503,0.0027,0.0031
36,ch20_URA7_URA8_001-crop1.tif,36,172,56.9012,61.2326,0.0027,0.0030
37,ch20_URA7_URA8_001-crop1.tif,37,103,60.7767,64.5243,0.0027,0.0033
38,ch20_URA7_URA8_001-crop1.tif,38,136,66.8824,66.5441,0.0027,0.0031
39,ch20_URA7_URA8_001-crop1.tif,39,139,61.6763,63.2302,0.0027,0.0030
40,ch20_URA7_URA8_001-crop1.tif,40,145,63.1724,60.5931,0.0027,0.0030
41,ch20_URA7_URA8_001-crop1.tif,41,150,66.0800,65.9933,0.0027,0.0032
42,ch20_URA7_URA8_001-crop1.tif,42,118,55.4576,65.1695,0.0027,0.0031
43,ch20_URA7_URA8_001-crop1.tif,43,107,63.1963,68.3271,0.0027,0.0030
44,ch20_URA7_URA8_001-crop1.tif,44,135,55.4222,65.6667,0.0027,0.0031
45,ch20_URA7_URA8_001-crop1.tif,45,167,53.0659,63.6108,0.0027,0.0031
46,ch20_URA7_URA8_001-crop1.tif,46,126,62.1111,64.7540,0.0027,0.0030
47,ch20_URA7_URA8_001-crop1.tif,47,150,61.5467,62.2267,0.0026,0.0030
48,ch20_URA7_URA8_001-crop1.tif,48,140,65.7000,62.9214,0.0026,0.0033
49,ch20_URA7_URA8_001-crop1.tif,49,120,68.1833,62.5833,0.0027,0.0036
50,ch20_URA7_URA8_001-crop2.tif,0,266,74.8947,84.8571,0.0032,0.0042
51,ch20_URA7_URA8_001-crop2.tif,1,282,73.3688,84.3050,0.0031,0.0038
52,ch20_URA7_URA8_001-crop2.tif,2,280,68.2036,82.3500,0.0028,0.0035
53,ch20_URA7_URA8_001-crop2.tif,3,209,67.0622,81.8038,0.0027,0.0033
54,ch20_URA7_URA8_001-crop2.tif,4,210,66.6190,83.1238,0.0027,0.0036
55,ch20_URA7_URA8_001-crop2.tif,5,189,60.2434,83.4868,0.0026,0.0032
56,ch20_URA7_URA8_001-crop2.tif,6,210,63.4000,84.6476,0.0026,0.0034
57,ch20_URA7_URA8_001-crop2.tif,7,172,60.9186,83.8895,0.0026,0.0033
58,ch20_URA7_URA8_001-crop2.tif,8,159,63.8553,83.4403,0.0026,0.0033
59,ch20_URA7_URA8_001-crop2.tif,9,194,64.6856,82.5052,0.0026,0.0036
60,ch20_URA7_URA8_001-crop2.tif,10,145,64.1862,86.0897,0.0026,0.0033
61,ch20_URA7_URA8_001-crop2.tif,11,173,63.3064,83.0867,0.0026,0.0035
62,ch20_URA7_URA8_001-crop2.tif,12,172,64.5407,84.2849,0.0026,0.0037
63,ch20_URA7_URA8_001-crop2.tif,13,179,62.3687,84.3017,0.0026,0.0035
64,ch20_URA7_URA8_001-crop2.tif,14,176,58.7273,81.0398,0.0026,0.0041
65,ch20_URA7_URA8_001-crop2.tif,15,205,58.8488,82.7756,0.0026,0.0040
66,ch20_URA7_URA8_001-crop2.tif,16,182,63.6044,83.3901,0.0026,0.0036
67,ch20_URA7_URA8_001-crop2.tif,17,175,69.1371,85.2057,0.0026,0.0034
68,ch20_URA7_URA8_001-crop2.tif,18,209,72.6986,82.2727,0.0025,0.0034
69,ch20_URA7_URA8_001-crop2.tif,19,165,67.8606,82.3030,0.0025,0.0033
70,ch20_URA7_URA8_001-crop2.tif,20,115,64.9391,82.0870,0.0025,0.0030
71,ch20_URA7_URA8_001-crop2.tif,21,149,65.7718,81.8523,0.0025,0.0032
72,ch20_URA7_URA8_001-crop2.tif,22,125,64.9040,81.8400,0.0025,0.0033
73,ch20_URA7_URA8_001-crop2.tif,23,109,63.8807,79.1743,0.0024,0.0029
74,ch20_URA7_URA8_001-crop2.tif,24,108,62.6019,79.8148,0.0024,0.0031
75,ch20_URA7_URA8_001-crop2.tif,25,125,58.7120,72.5040,0.0024,0.0029
76,ch20_URA7_URA8_001-crop2.tif,26,141,61.7234,72.9504,0.0023,0.0027
77,ch20_URA7_URA8_001-crop2.tif,27,114,61.2456,68.6667,0.0023,0.0028
78,ch20_URA7_URA8_001-crop2.tif,28,138,63.0072,67.7754,0.0023,0.0027
79,ch20_URA7_URA8_001-crop2.tif,29,110,64.9182,71.6273,0.0023,0.0026
80,ch20_URA7_URA8_001-crop2.tif,30,125,63.8080,67.3840,0.0023,0.0027
81,ch20_URA7_URA8_001-crop2.tif,31,115,60.8087,71.6522,0.0023,0.0027
82,ch20_URA7_URA8_001-crop2.tif,32,84,58.5476,70.0595,0.0023,0.0025
83,ch20_URA7_URA8_001-crop2.tif,33,111,58.6126,72.7928,0.0023,0.0026
84,ch20_URA7_URA8_001-crop2.tif,34,120,53.6667,71.7250,0.0023,0.0028
85,ch20_URA7_URA8_001-crop2.tif,35,92,53.7717,68.6957,0.0023,0.0027
86,ch20_URA7_URA8_001-crop2.tif,36,132,54.8485,68.8712,0.0023,0.0027
87,ch20_URA7_URA8_001-crop2.tif,37,145,55.6897,65.3172,0.0023,0.0026
88,ch20_URA7_URA8_001-crop2.tif,38,99,55.9899,64.2222,0.0023,0.0026
89,ch20_URA7_URA8_001-crop2.tif,39,107,55.6262,63.8505,0.0023,0.0025
90,ch20_URA7_URA8_001-crop2.tif,40,115,55.4000,62.1043,0.0023,0.0026
91,ch20_URA7_URA8_001-crop2.tif,41,126,52.0397,66.8095,0.0023,0.0025
92,ch20_URA7_URA8_001-crop2.tif,42,87,49.8046,66.6897,0.0023,0.0026
93,ch20_URA7_URA8_001-crop2.tif,43,122,49.8443,65.8361,0.0023,0.0026
94,ch20_URA7_URA8_001-crop2.tif,44,97,51.1546,67.2474,0.0023,0.0026
95,ch20_URA7_URA8_001-crop2.tif,45,105,49.9143,63.2667,0.0023,0.0025
96,ch20_URA7_URA8_001-crop2.tif,46,114,53.1228,61.6491,0.0022,0.0025
97,ch20_URA7_URA8_001-crop2.tif,47,160,54.5812,58.8188,0.0023,0.0026
98,ch20_URA7_URA8_001-crop2.tif,48,114,58.2018,60.9474,0.0023,0.0027
99,ch20_URA7_URA8_001-crop2.tif,49,137,54.9489,58.1898,0.0023,0.0025
100,ch20_URA7_URA8_001-crop3.tif,0,289,70.9135,61.1315,0.0033,0.0042
101,ch20_URA7_URA8_001-crop3.tif,1,263,72.2471,61.5779,0.0031,0.0037
102,ch20_URA7_URA8_001-crop3.tif,2,294,61.6156,59.1020,0.0028,0.0032
103,ch20_URA7_URA8_001-crop3.tif,3,246,63.6382,62.3496,0.0027,0.0031
104,ch20_URA7_URA8_001-crop3.tif,4,235,65.0596,60.2298,0.0027,0.0031
105,ch20_URA7_URA8_001-crop3.tif,5,231,63.5584,62.1515,0.0026,0.0031
106,ch20_URA7_URA8_001-crop3.tif,6,237,63.7932,62.5907,0.0026,0.0032
107,ch20_URA7_URA8_001-crop3.tif,7,219,64.6164,61.9635,0.0026,0.0030
108,ch20_URA7_URA8_001-crop3.tif,8,221,65.7104,60.6968,0.0026,0.0031
109,ch20_URA7_URA8_001-crop3.tif,9,225,64.0933,60.2978,0.0026,0.0030
110,ch20_URA7_URA8_001-crop3.tif,10,222,64.4685,61.8468,0.0025,0.0033
111,ch20_URA7_URA8_001-crop3.tif,11,204,64.7402,62.1275,0.0025,0.0032
112,ch20_URA7_URA8_001-crop3.tif,12,218,66.2018,63.8991,0.0025,0.0031
113,ch20_URA7_URA8_001-crop3.tif,13,245,64.3143,61.1429,0.0026,0.0035
114,ch20_URA7_URA8_001-crop3.tif,14,241,61.5643,61.8382,0.0026,0.0032
115,ch20_URA7_URA8_001-crop3.tif,15,257,62.3658,61.9144,0.0026,0.0033
116,ch20_URA7_URA8_001-crop3.tif,16,275,65.2036,62.0545,0.0025,0.0032
117,ch20_URA7_URA8_001-crop3.tif,17,253,68.3043,59.3755,0.0025,0.0032
118,ch20_URA7_URA8_001-crop3.tif,18,268,72.0597,60.7761,0.0025,0.0033
119,ch20_URA7_URA8_001-crop3.tif,19,248,70.9113,60.5081,0.0025,0.0042
120,ch20_URA7_URA8_001-crop3.tif,20,221,71.1086,60.9367,0.0025,0.0039
121,ch20_URA7_URA8_001-crop3.tif,21,268,69.0448,60.3657,0.0025,0.0041
122,ch20_URA7_URA8_001-crop3.tif,22,253,67.1660,60.0119,0.0025,0.0045
123,ch20_URA7_URA8_001-crop3.tif,23,226,65.3186,59.3186,0.0026,0.0047
124,ch20_URA7_URA8_001-crop3.tif,24,230,66.2130,60.4391,0.0026,0.0043
125,ch20_URA7_URA8_001-crop3.tif,25,237,65.9283,58.2152,0.0025,0.0033
126,ch20_URA7_URA8_001-crop3.tif,26,255,69.6706,59.0588,0.0025,0.0036
127,ch20_URA7_URA8_001-crop3.tif,27,242,69.9050,57.2314,0.0025,0.0038
128,ch20_URA7_URA8_001-crop3.tif,28,226,72.8363,58.4867,0.0025,0.0033
129,ch20_URA7_URA8_001-crop3.tif,29,252,72.2183,56.2619,0.0025,0.0032
130,ch20_URA7_URA8_001-crop3.tif,30,245,71.8939,55.9714,0.0024,0.0032
131,ch20_URA7_URA8_001-crop3.tif,31,223,69.8700,58.8879,0.0026,0.0041
132,ch20_URA7_URA8_001-crop3.tif,32,228,68.5132,59.5439,0.0025,0.0045
133,ch20_URA7_URA8_001-crop3.tif,33,233,67.7682,61.3991,0.0025,0.0032
134,ch20_URA7_URA8_001-crop3.tif,34,236,65.8263,62.2119,0.0025,0.0038
135,ch20_URA7_URA8_001-crop3.tif,35,219,65.7306,61.9132,0.0025,0.0032
136,ch20_URA7_URA8_001-crop3.tif,36,232,67.6422,59.9267,0.0025,0.0032
137,ch20_URA7_URA8_001-crop3.tif,37,222,70.4910,58.2613,0.0025,0.0041
138,ch20_URA7_URA8_001-crop3.tif,38,208,72.8702,57.7981,0.0025,0.0038
139,ch20_URA7_URA8_001-crop3.tif,39,215,71.6512,55.7256,0.0025,0.0037
140,ch20_URA7_URA8_001-crop3.tif,40,263,69.1901,56.3498,0.0024,0.0034
141,ch20_URA7_URA8_001-crop3.tif,41,226,68.0575,57.9027,0.0025,0.0031
142,ch20_URA7_URA8_001-crop3.tif,42,254,64.8425,59.3307,0.0024,0.0030
143,ch20_URA7_URA8_001-crop3.tif,43,216,63.7037,60.8426,0.0024,0.0028
144,ch20_URA7_URA8_001-crop3.tif,44,243,64.2798,58.9671,0.0024,0.0029
145,ch20_URA7_URA8_001-crop3.tif,45,255,64.1765,57.2549,0.0023,0.0028
146,ch20_URA7_URA8_001-crop3.tif,46,280,67.9607,57.7036,0.0024,0.0029
147,ch20_URA7_URA8_001-crop3.tif,47,259,69.9035,56.4479,0.0024,0.0029
148,ch20_URA7_URA8_001-crop3.tif,48,247,68.9109,55.9636,0.0024,0.0030
149,ch20_URA7_URA8_001-crop3.tif,49,271,67.8893,55.5129,0.0024,0.0028
150,ch20_URA7_URA8_002-crop1.tif,0,234,71.9274,59.5299,0.0032,0.0039
151,ch20_URA7_URA8_002-crop1.tif,1,237,70.8945,59.9409,0.0031,0.0038
152,ch20_URA7_URA8_002-crop1.tif,2,104,57.1058,68.1635,0.0028,0.0032
153,ch20_URA7_URA8_002-crop1.tif,3,77,62.5844,58.7662,0.0026,0.0029
154,ch20_URA7_URA8_002-crop1.tif,4,90,67.4889,59.2333,0.0027,0.0032
155,ch20_URA7_URA8_002-crop1.tif,5,84,59.5000,63.8214,0.0027,0.0034
156,ch20_URA7_URA8_002-crop1.tif,6,96,62.7812,63.3125,0.0027,0.0035
157,ch20_URA7_URA8_002-crop1.tif,7,86,64.9535,62.5581,0.0027,0.0034
158,ch20_URA7_URA8_002-crop1.tif,8,98,64.2143,61.6122,0.0027,0.0035
159,ch20_URA7_URA8_002-crop1.tif,9,106,58.2925,67.1132,0.0027,0.0035
160,ch20_URA7_URA8_002-crop1.tif,10,151,54.8411,66.7550,0.0026,0.0032
161,ch20_URA7_URA8_002-crop1.tif,11,111,61.2613,66.7027,0.0027,0.0039
162,ch20_URA7_URA8_002-crop1.tif,12,131,51.5802,76.3817,0.0027,0.0039
163,ch20_URA7_URA8_002-crop1.tif,13,92,55.2065,69.6848,0.0027,0.0042
164,ch20_URA7_URA8_002-crop1.tif,14,87,48.0690,75.3563,0.0025,0.0028
165,ch20_URA7_URA8_002-crop1.tif,15,66,45.5000,79.1970,0.0024,0.0028
166,ch20_URA7_URA8_002-crop1.tif,16,64,49.6094,82.1250,0.0024,0.0027
167,ch20_URA7_URA8_002-crop1.tif,17,68,37.6912,85.5588,0.0024,0.0030
168,ch20_URA7_URA8_002-crop1.tif,18,122,29.1230,98.9262,0.0024,0.0028
169,ch20_URA7_URA8_002-crop1.tif,19,97,26.0412,104.1031,0.0024,0.0031
170,ch20_URA7_URA8_002-crop1.tif,20,69,49.5652,83.5072,0.0024,0.0027
171,ch20_URA7_URA8_002-crop1.tif,21,64,42.7812,88.4375,0.0024,0.0026
172,ch20_URA7_URA8_002-crop1.tif,22,53,52.9811,77.1509,0.0024,0.0025
173,ch20_URA7_URA8_002-crop1.tif,23,77,58.2078,70.3117,0.0024,0.0027
174,ch20_URA7_URA8_002-crop1.tif,24,103,57.9417,69.3883,0.0024,0.0027
175,ch20_URA7_URA8_002-crop1.tif,25,127,67.0945,61.0079,0.0024,0.0028
176,ch20_URA7_URA8_002-crop1.tif,26,122,57.2377,71.5000,0.0024,0.0029
177,ch20_URA7_URA8_002-crop1.tif,27,136,52.7500,77.5221,0.0024,0.0030
178,ch20_URA7_URA8_002-crop1.tif,28,144,48.7222,81.2778,0.0025,0.0032
179,ch20_URA7_URA8_002-crop1.tif,29,140,48.4571,80.2357,0.0025,0.0032
180,ch20_URA7_URA8_002-crop1.tif,30,115,54.6261,73.9565,0.0024,0.0029
181,ch20_URA7_URA8_002-crop1.tif,31,118,68.6271,55.8051,0.0025,0.0029
182,ch20_URA7_URA8_002-crop1.tif,32,124,69.3952,57.1371,0.0024,0.0032
183,ch20_URA7_URA8_002-crop1.tif,33,119,68.8992,58.3866,0.0025,0.0033
184,ch20_URA7_URA8_002-crop1.tif,34,105,67.8667,59.9619,0.0025,0.0031
185,ch20_URA7_URA8_002-crop1.tif,35,142,66.7958,60.3099,0.0025,0.0030
186,ch20_URA7_URA8_002-crop1.tif,36,138,68.2391,58.8261,0.0025,0.0031
187,ch20_URA7_URA8_002-crop1.tif,37,140,70.8786,59.7143,0.0024,0.0032
188,ch20_URA7_URA8_002-crop1.tif,38,130,68.8692,64.3308,0.0024,0.0028
189,ch20_URA7_URA8_002-crop1.tif,39,133,70.4436,61.0752,0.0024,0.0034
190,ch20_URA7_URA8_002-crop1.tif,40,135,69.6148,58.5556,0.0024,0.0028
191,ch20_URA7_URA8_002-crop1.tif,41,141,68.7376,58.2837,0.0024,0.0026
192,ch20_URA7_URA8_002-crop1.tif,42,79,72.4684,58.8608,0.0024,0.0034
193,ch20_URA7_URA8_002-crop1.tif,43,115,68.6696,59.1913,0.0024,0.0030
194,ch20_URA7_URA8_002-crop1.tif,44,133,67.9850,59.6090,0.0024,0.0029
195,ch20_URA7_URA8_002-crop1.tif,45,134,67.6791,61.4478,0.0024,0.0029
196,ch20_URA7_URA8_002-crop1.tif,46,136,67.9706,59.8750,0.0024,0.0031
197,ch20_URA7_URA8_002-crop1.tif,47,127,69.1969,63.7165,0.0024,0.0031
198,ch20_URA7_URA8_002-crop1.tif,48,113,74.0708,57.4071,0.0024,0.0030
199,ch20_URA7_URA8_002-crop1.tif,49,143,69.3427,59.6573,0.0023,0.0029
