epoch,time,train/box_loss,train/seg_loss,train/cls_loss,train/dfl_loss,train/sem_loss,metrics/precision(B),metrics/recall(B),metrics/mAP50(B),metrics/mAP50-95(B),metrics/precision(M),metrics/recall(M),metrics/mAP50(M),metrics/mAP50-95(M),val/box_loss,val/seg_loss,val/cls_loss,val/dfl_loss,val/sem_loss,lr/pg0,lr/pg1,lr/pg2
1,4.5445,2.66502,4.22401,21.7313,1.93541,0,0,0,0,0,0,0,0,0,3.19939,5.88436,inf,2.99088,0,0.000651852,0.000651852,0.000651852
2,8.45492,2.57014,3.72689,4.43126,1.88609,0,0.00073,0.01754,0.00016,6e-05,0.0001,0.05263,5e-05,1e-05,3.42227,9.1353,57.7737,3.2886,0,0.00130547,0.00130547,0.00130547
3,13.067,2.31939,3.16419,2.29585,1.82993,0,0,0,0,0,0,0,0,0,0,1.8028,129.777,0,0,0.00194588,0.00194588,0.00194588
4,17.2105,2.35459,3.2295,2.171,1.85803,0,0.39007,0.2807,0.2255,0.08752,0.46218,0.33333,0.25524,0.10031,2.21518,3.67751,3.05135,2.08421,0,0.0019406,0.0019406,0.0019406
5,21.9086,2.47618,3.14686,2.06539,1.88067,0,0.00205,0.52632,0.00142,0.00055,0.00214,0.54386,0.00161,0.00057,3.09195,nan,inf,15.0907,0,0.0019208,0.0019208,0.0019208
6,25.9992,2.32689,2.98288,2.00393,1.76573,0,0.33242,0.44559,0.29449,0.10366,0.33294,0.41161,0.27811,0.06952,2.28555,3.42414,2.02975,2.19164,0,0.001901,0.001901,0.001901
7,30.0683,2.28123,3.00587,1.92667,1.75803,0,0.26302,0.4386,0.3715,0.089,0.19208,0.38792,0.25401,0.05823,2.39673,3.20892,1.94167,2.22867,0,0.0018812,0.0018812,0.0018812
8,34.1357,2.24541,2.84061,1.68993,1.74017,0,0.46497,0.5614,0.45882,0.15374,0.36948,0.52632,0.38761,0.12122,2.39453,3.10813,1.74051,2.34438,0,0.0018614,0.0018614,0.0018614
9,38.8389,2.12153,2.8977,1.61406,1.73109,0,0.44932,0.47368,0.48661,0.17564,0.3762,0.52632,0.37905,0.11108,2.24316,3.23834,1.4919,2.11084,0,0.0018416,0.0018416,0.0018416
10,43.5648,2.28696,2.70556,1.70312,1.72435,0,0.25587,0.57895,0.28873,0.10507,0.29251,0.49325,0.33555,0.09811,2.79047,4.85938,1.99998,2.38811,0,0.0018218,0.0018218,0.0018218
11,47.7059,2.14669,2.60568,1.57037,1.66689,0,0.46734,0.52339,0.49847,0.20506,0.47936,0.50877,0.52144,0.17724,2.06701,3.46623,1.63365,1.91532,0,0.001802,0.001802,0.001802
12,52.3641,2.14461,2.77312,1.62076,1.70071,0,0.37388,0.5614,0.43193,0.15478,0.31201,0.5614,0.39598,0.13379,2.32862,3.17894,1.59709,2.03915,0,0.0017822,0.0017822,0.0017822
13,56.4946,2.13117,2.70993,1.57512,1.6698,0,0.54415,0.50877,0.53597,0.1874,0.55933,0.52632,0.57565,0.1939,2.18003,2.95293,1.61317,1.98594,0,0.0017624,0.0017624,0.0017624
14,60.5908,2.11931,2.71011,1.51538,1.69387,0,0.39699,0.45614,0.44933,0.18114,0.45624,0.47368,0.53132,0.18506,2.2412,2.98956,1.62527,2.04143,0,0.0017426,0.0017426,0.0017426
15,64.6906,2.1611,2.82651,1.61433,1.70345,0,0.61446,0.63158,0.66078,0.24093,0.62346,0.49388,0.64261,0.20226,2.08949,2.87456,1.54311,1.9079,0,0.0017228,0.0017228,0.0017228
16,69.1257,2.06415,2.71155,1.50545,1.65897,0,0.53699,0.57895,0.58953,0.22458,0.53911,0.59649,0.62683,0.19595,2.08751,2.72479,1.48263,1.8708,0,0.001703,0.001703,0.001703
17,73.1736,1.94915,2.65725,1.59825,1.58323,0,0.36409,0.5614,0.34477,0.10591,0.29974,0.57895,0.29544,0.08803,2.25607,3.07089,1.80393,2.00356,0,0.0016832,0.0016832,0.0016832
18,77.1735,2.06477,2.83283,1.67475,1.59581,0,0.45094,0.38596,0.42633,0.13005,0.26635,0.59649,0.32989,0.10964,2.23366,3.09115,1.73517,2.02527,0,0.0016634,0.0016634,0.0016634
19,81.2719,2.07398,2.71502,1.54751,1.62553,0,0.41194,0.54386,0.52055,0.19978,0.42085,0.59649,0.5428,0.17635,2.02433,2.92696,1.54489,1.86902,0,0.0016436,0.0016436,0.0016436
20,85.3318,2.05392,2.71733,1.53564,1.55435,0,0.48622,0.56454,0.52349,0.1779,0.44089,0.51191,0.486,0.13717,2.17018,3.135,1.69218,1.91689,0,0.0016238,0.0016238,0.0016238
21,89.4552,2.01868,2.50179,1.46078,1.58635,0,0.49885,0.59378,0.60643,0.24043,0.56846,0.52632,0.65069,0.21514,2.05043,2.96554,1.42894,1.88715,0,0.001604,0.001604,0.001604
22,93.9116,2.00076,2.60013,1.47502,1.55365,0,0.52029,0.5614,0.57318,0.23727,0.48777,0.52632,0.57531,0.23597,2.28063,3.85317,1.46968,2.03203,0,0.0015842,0.0015842,0.0015842
23,98.4999,1.89088,2.54999,1.45453,1.51069,0,0.59088,0.5614,0.61551,0.25824,0.62765,0.54386,0.61537,0.24276,1.93811,2.75057,1.3952,1.79234,0,0.0015644,0.0015644,0.0015644
24,103.099,2.06197,2.52558,1.4915,1.58241,0,0.57471,0.59649,0.61146,0.23541,0.61188,0.54386,0.61631,0.23092,2.06529,2.7882,1.52271,1.88231,0,0.0015446,0.0015446,0.0015446
25,107.178,1.89757,2.50535,1.40439,1.60724,0,0.55647,0.61635,0.63996,0.21808,0.57333,0.57895,0.6219,0.18188,2.16379,3.08769,1.45463,1.94756,0,0.0015248,0.0015248,0.0015248
26,111.247,1.9423,2.66004,1.46381,1.57408,0,0.57088,0.70175,0.67092,0.28634,0.55661,0.68421,0.63376,0.22709,1.94385,2.7491,1.38558,1.81314,0,0.001505,0.001505,0.001505
27,115.822,1.88961,2.53068,1.42153,1.54344,0,0.57718,0.61404,0.60332,0.22709,0.61426,0.68421,0.66909,0.23276,1.98577,2.77223,1.43528,1.83315,0,0.0014852,0.0014852,0.0014852
28,119.808,1.93008,2.53843,1.3967,1.55926,0,0.51028,0.62159,0.64021,0.22287,0.55898,0.66709,0.69175,0.21842,2.20527,2.96306,1.49149,1.94982,0,0.0014654,0.0014654,0.0014654
29,123.851,1.955,2.54352,1.45841,1.57519,0,0.57963,0.70154,0.69517,0.29758,0.60082,0.7193,0.70969,0.2649,1.95523,2.73876,1.35205,1.81328,0,0.0014456,0.0014456,0.0014456
30,128.368,1.88683,2.50897,1.48314,1.5354,0,0.4692,0.64912,0.59044,0.23624,0.55839,0.63158,0.6491,0.22118,2.08385,2.82196,1.43764,1.85532,0,0.0014258,0.0014258,0.0014258
31,132.423,1.86753,2.5634,1.45566,1.51711,0,0.5114,0.56931,0.57111,0.24149,0.53914,0.57895,0.56714,0.22043,2.03151,2.74142,1.50674,1.82885,0,0.001406,0.001406,0.001406
32,136.563,1.90119,2.56159,1.39307,1.56196,0,0.62073,0.54557,0.62196,0.22543,0.67699,0.54386,0.67594,0.23372,2.05873,2.60337,1.43695,1.874,0,0.0013862,0.0013862,0.0013862
33,140.629,1.81011,2.31897,1.26326,1.43865,0,0.56161,0.52632,0.65045,0.24349,0.65204,0.57895,0.70187,0.24323,2.18386,2.82078,1.41113,1.95739,0,0.0013664,0.0013664,0.0013664
34,144.712,1.85645,2.40064,1.27691,1.47968,0,0.45874,0.77193,0.61878,0.23342,0.72708,0.57895,0.65168,0.2307,2.10462,2.8098,1.36138,1.89106,0,0.0013466,0.0013466,0.0013466
35,148.829,1.80413,2.40575,1.27395,1.48196,0,0.68686,0.61575,0.67727,0.24616,0.71186,0.60687,0.69641,0.20847,2.12409,2.79187,1.4217,1.91874,0,0.0013268,0.0013268,0.0013268
36,153.008,1.90753,2.523,1.37036,1.46834,0,0.5966,0.61404,0.65447,0.25664,0.61981,0.63158,0.69939,0.24626,2.02342,2.65225,1.35986,1.86764,0,0.001307,0.001307,0.001307
37,157.068,1.77406,2.35239,1.34239,1.4801,0,0.58379,0.59649,0.56846,0.2233,0.63656,0.63158,0.61592,0.19417,2.20884,2.72111,1.42461,2.03836,0,0.0012872,0.0012872,0.0012872
38,161.202,1.79594,2.39552,1.2843,1.43079,0,0.64523,0.57895,0.61452,0.2465,0.66478,0.59649,0.6722,0.24242,2.02643,2.77222,1.38918,1.84433,0,0.0012674,0.0012674,0.0012674
39,165.299,1.84109,2.50151,1.37393,1.53896,0,0.5706,0.64912,0.60808,0.21315,0.60113,0.70175,0.63257,0.22294,2.09244,2.68098,1.37431,1.9053,0,0.0012476,0.0012476,0.0012476
40,169.497,1.78592,2.36108,1.25664,1.45535,0,0.66476,0.55668,0.62386,0.2515,0.54917,0.66253,0.63658,0.23349,2.06325,2.82016,1.33567,1.87083,0,0.0012278,0.0012278,0.0012278
41,173.671,1.81585,2.37933,1.34043,1.52733,0,0.683,0.60489,0.67727,0.264,0.73437,0.63158,0.73815,0.26355,2.04239,2.7025,1.35965,1.86521,0,0.001208,0.001208,0.001208
42,177.859,1.72048,2.41881,1.24998,1.38881,0,0.61858,0.62601,0.6557,0.28615,0.62039,0.61404,0.65696,0.23715,1.98419,2.8103,1.41442,1.79977,0,0.0011882,0.0011882,0.0011882
43,182.015,1.71461,2.38416,1.33956,1.3854,0,0.59696,0.7193,0.71734,0.2799,0.63873,0.6824,0.74319,0.24439,2.06105,2.82499,1.28817,1.88402,0,0.0011684,0.0011684,0.0011684
44,186.224,1.79004,2.37807,1.30998,1.47524,0,0.53939,0.73684,0.65878,0.24785,0.53857,0.73684,0.64832,0.22998,2.09298,2.78456,1.42061,1.89261,0,0.0011486,0.0011486,0.0011486
45,190.362,1.75222,2.37303,1.34003,1.40527,0,0.65856,0.64912,0.69418,0.26016,0.76448,0.63158,0.72466,0.25265,2.08162,2.92342,1.38468,1.96153,0,0.0011288,0.0011288,0.0011288
46,194.652,1.81449,2.37759,1.22046,1.39602,0,0.58211,0.59649,0.67839,0.2841,0.56782,0.57895,0.63989,0.25145,2.03458,2.77606,1.34495,1.84292,0,0.001109,0.001109,0.001109
47,198.767,1.79722,2.39458,1.32104,1.51426,0,0.56042,0.66667,0.62787,0.24393,0.524,0.63158,0.58276,0.22918,1.98627,2.69255,1.33577,1.8132,0,0.0010892,0.0010892,0.0010892
48,202.944,1.8635,2.38857,1.28572,1.47933,0,0.61565,0.70254,0.66088,0.25637,0.704,0.68421,0.70782,0.24182,2.09338,2.93705,1.33106,1.92867,0,0.0010694,0.0010694,0.0010694
49,207.048,1.78023,2.40779,1.24746,1.48539,0,0.7085,0.66667,0.71546,0.30066,0.76835,0.7193,0.75497,0.27552,2.01055,2.69015,1.31016,1.84577,0,0.0010496,0.0010496,0.0010496
50,211.805,1.69392,2.35275,1.18921,1.39406,0,0.68757,0.75439,0.73358,0.28139,0.68938,0.75439,0.75735,0.24965,2.03069,2.92265,1.27857,1.87877,0,0.0010298,0.0010298,0.0010298
51,215.943,1.7422,2.32707,1.24593,1.41241,0,0.74881,0.66667,0.71538,0.31137,0.71863,0.64912,0.72321,0.27501,2.01682,2.63805,1.25833,1.85019,0,0.00101,0.00101,0.00101
52,220.777,1.73123,2.38569,1.28742,1.40459,0,0.56333,0.63158,0.63248,0.23803,0.61242,0.68421,0.68644,0.25037,2.13339,2.65989,1.26477,1.94533,0,0.0009902,0.0009902,0.0009902
53,224.961,1.78701,2.36436,1.21835,1.48917,0,0.62367,0.68421,0.71437,0.30245,0.62503,0.67265,0.74572,0.27709,1.96625,2.67615,1.20648,1.80597,0,0.0009704,0.0009704,0.0009704
54,229.152,1.6571,2.25003,1.1529,1.374,0,0.59637,0.7193,0.70876,0.27833,0.62283,0.63158,0.67595,0.23262,2.01399,2.99068,1.30122,1.81567,0,0.0009506,0.0009506,0.0009506
55,233.249,1.71935,2.24876,1.25743,1.44478,0,0.63345,0.70175,0.7096,0.24979,0.65882,0.7193,0.74237,0.25837,1.93039,2.61112,1.23399,1.82674,0,0.0009308,0.0009308,0.0009308
56,237.37,1.65885,2.31737,1.18957,1.39639,0,0.67835,0.74002,0.74206,0.2848,0.71648,0.68421,0.776,0.27983,2.00928,2.63658,1.22881,1.8394,0,0.000911,0.000911,0.000911
57,241.63,1.75656,2.35946,1.21004,1.44683,0,0.63802,0.68421,0.67243,0.2786,0.72141,0.68421,0.72855,0.25516,1.99833,2.78576,1.26541,1.84599,0,0.0008912,0.0008912,0.0008912
58,245.781,1.66602,2.18795,1.12212,1.37629,0,0.64458,0.66819,0.73527,0.29419,0.61835,0.70175,0.6779,0.23923,2.00354,2.81224,1.20047,1.87024,0,0.0008714,0.0008714,0.0008714
59,249.972,1.62009,2.24934,1.06713,1.36717,0,0.64914,0.64917,0.71197,0.28388,0.66668,0.66671,0.73398,0.26673,2.13752,2.75009,1.21722,2.01718,0,0.0008516,0.0008516,0.0008516
60,254.217,1.6879,2.22005,1.16518,1.38847,0,0.62698,0.7193,0.69945,0.28708,0.69921,0.66667,0.72989,0.27336,2.07881,2.79988,1.19889,1.98437,0,0.0008318,0.0008318,0.0008318
61,258.256,1.64701,2.16781,1.17162,1.33156,0,0.83565,0.7137,0.77303,0.32078,0.84287,0.70175,0.78106,0.27632,2.03116,2.77679,1.21694,1.93457,0,0.000812,0.000812,0.000812
62,263.059,1.62089,2.30256,1.15908,1.34022,0,0.67874,0.70429,0.74044,0.31283,0.86947,0.64912,0.79393,0.28341,2.03622,2.64933,1.25496,1.9108,0,0.0007922,0.0007922,0.0007922
63,267.109,1.61012,2.18288,1.1223,1.311,0,0.79595,0.75281,0.76083,0.31037,0.79235,0.7364,0.79072,0.28881,2.04699,2.60719,1.17534,1.88487,0,0.0007724,0.0007724,0.0007724
64,271.895,1.64378,2.25694,1.14279,1.38804,0,0.72473,0.68421,0.71536,0.29561,0.80584,0.70175,0.74296,0.25444,2.08916,2.73656,1.19535,1.90005,0,0.0007526,0.0007526,0.0007526
65,276.088,1.66183,2.29173,1.16769,1.42404,0,0.7164,0.6648,0.74815,0.28358,0.73011,0.63158,0.72803,0.25018,2.05483,2.72125,1.22499,1.93616,0,0.0007328,0.0007328,0.0007328
66,280.263,1.54862,2.15861,1.11101,1.34477,0,0.66247,0.68873,0.7835,0.32292,0.67956,0.66667,0.73743,0.27752,1.96534,2.64888,1.11532,1.81834,0,0.000713,0.000713,0.000713
67,285.218,1.69929,2.24728,1.14413,1.34128,0,0.6458,0.6718,0.67882,0.27348,0.70488,0.6705,0.72725,0.26483,2.13495,2.86837,1.24717,1.96763,0,0.0006932,0.0006932,0.0006932
68,289.45,1.74123,2.22087,1.117,1.44511,0,0.74552,0.73684,0.77959,0.33251,0.84887,0.68989,0.78329,0.2782,2.04119,2.76394,1.12821,1.93398,0,0.0006734,0.0006734,0.0006734
69,294.343,1.58748,2.14354,1.052,1.28805,0,0.85879,0.64026,0.75873,0.28339,0.8825,0.65892,0.77514,0.28651,2.14591,2.80087,1.29494,2.00911,0,0.0006536,0.0006536,0.0006536
70,298.396,1.59597,2.15334,1.04254,1.31954,0,0.6774,0.80702,0.79176,0.34652,0.6774,0.80702,0.81013,0.30561,1.94732,2.65407,1.13185,1.82443,0,0.0006338,0.0006338,0.0006338
71,303.365,1.7178,2.23315,1.08354,1.37754,0,0.71172,0.77193,0.76327,0.31436,0.73607,0.75439,0.79877,0.29662,1.98665,2.76642,1.16856,1.86935,0,0.000614,0.000614,0.000614
72,307.432,1.61533,2.11092,1.10362,1.3117,0,0.70249,0.7193,0.75549,0.29811,0.77386,0.73684,0.80983,0.27619,2.00459,2.72825,1.17836,1.90211,0,0.0005942,0.0005942,0.0005942
73,311.557,1.53874,2.15115,1.08593,1.37154,0,0.71873,0.76218,0.77526,0.31092,0.73454,0.77679,0.78639,0.31242,1.96511,2.60912,1.13014,1.85376,0,0.0005744,0.0005744,0.0005744
74,315.681,1.56053,2.1518,1.11029,1.35673,0,0.71106,0.70175,0.74227,0.30756,0.76252,0.7193,0.80541,0.27676,2.01475,2.72373,1.13893,1.87216,0,0.0005546,0.0005546,0.0005546
75,319.83,1.54343,2.17145,1.02851,1.32556,0,0.78316,0.7193,0.78406,0.329,0.83312,0.7007,0.79941,0.28656,2.02555,2.78493,1.17642,1.94564,0,0.0005348,0.0005348,0.0005348
76,324.014,1.62242,2.11837,0.97951,1.37443,0,0.71434,0.75439,0.75425,0.27452,0.70338,0.73684,0.75512,0.25145,2.10885,2.82365,1.23682,2.04267,0,0.000515,0.000515,0.000515
77,328.198,1.53262,2.15936,1.03532,1.36741,0,0.68998,0.70175,0.74357,0.32327,0.73736,0.77193,0.80566,0.28573,1.97067,2.78112,1.0921,1.93025,0,0.0004952,0.0004952,0.0004952
78,332.385,1.59189,2.1073,1.02532,1.30032,0,0.81202,0.7193,0.80392,0.32875,0.83925,0.77193,0.84466,0.28579,1.93117,2.79556,1.05207,1.96107,0,0.0004754,0.0004754,0.0004754
79,336.6,1.60675,2.13993,1.00979,1.38009,0,0.67787,0.84918,0.78976,0.30985,0.77018,0.70558,0.78385,0.26654,2.03651,2.87424,1.13117,1.90036,0,0.0004556,0.0004556,0.0004556
80,340.822,1.51372,2.06198,1.01841,1.31973,0,0.80326,0.71632,0.79422,0.31428,0.8228,0.73323,0.80495,0.28621,1.98772,2.71578,1.1422,1.90333,0,0.0004358,0.0004358,0.0004358
81,345.018,1.50379,1.97973,0.97459,1.29503,0,0.80001,0.75439,0.8218,0.33482,0.80001,0.75439,0.82497,0.30049,1.8368,2.62157,1.06166,1.78151,0,0.000416,0.000416,0.000416
82,349.096,1.51594,2.04215,1.02011,1.30668,0,0.70644,0.73684,0.79573,0.33451,0.73537,0.7193,0.78184,0.29217,1.86209,2.75166,1.07356,1.78138,0,0.0003962,0.0003962,0.0003962
83,353.274,1.53241,2.09873,1.00688,1.27772,0,0.6315,0.70175,0.72227,0.29088,0.72169,0.64912,0.73091,0.2736,1.98038,2.73533,1.10353,1.88265,0,0.0003764,0.0003764,0.0003764
84,357.362,1.5688,2.04734,0.94376,1.28514,0,0.74193,0.75439,0.81234,0.33589,0.74193,0.75439,0.82705,0.31516,1.96759,2.72276,1.08208,1.89326,0,0.0003566,0.0003566,0.0003566
85,361.475,1.45973,2.03608,0.94363,1.2778,0,0.74913,0.78586,0.83247,0.34748,0.74562,0.7193,0.78695,0.31459,1.96951,2.71333,1.05,1.89753,0,0.0003368,0.0003368,0.0003368
86,366.492,1.46269,2.10751,0.93064,1.29524,0,0.75896,0.77337,0.83787,0.37163,0.73583,0.7193,0.80409,0.31456,1.88633,2.75823,1.00437,1.82763,0,0.000317,0.000317,0.000317
87,371.436,1.59776,2.10833,0.94371,1.28373,0,0.70753,0.89131,0.82741,0.37404,0.78599,0.78947,0.81903,0.32817,1.8917,2.68425,1.00256,1.79874,0,0.0002972,0.0002972,0.0002972
88,376.248,1.45945,2.02358,0.92401,1.27095,0,0.79133,0.80702,0.85625,0.37202,0.75741,0.77193,0.82189,0.31325,1.9251,2.69822,0.99373,1.81463,0,0.0002774,0.0002774,0.0002774
89,380.43,1.51163,2.09378,0.94057,1.30945,0,0.76962,0.75439,0.82414,0.34007,0.76353,0.73641,0.7932,0.2922,2.01482,2.84408,1.09685,1.89025,0,0.0002576,0.0002576,0.0002576
90,384.687,1.45901,2.05592,0.91722,1.26452,0,0.73804,0.73684,0.79264,0.3308,0.6719,0.68264,0.73022,0.28018,1.98835,2.81773,1.0657,1.86491,0,0.0002378,0.0002378,0.0002378
91,389.164,1.55138,2.09257,0.98005,1.46964,0,0.83641,0.71764,0.82433,0.33161,0.8345,0.70777,0.8222,0.31038,1.98095,2.71909,1.04533,1.87072,0,0.000218,0.000218,0.000218
92,393.251,1.4084,1.94758,0.94998,1.40564,0,0.78542,0.78947,0.83578,0.35381,0.74911,0.73341,0.80795,0.30509,1.98007,2.78735,1.07644,1.87694,0,0.0001982,0.0001982,0.0001982
93,397.343,1.34987,1.94009,0.93726,1.37585,0,0.76181,0.77193,0.81389,0.34379,0.73356,0.72459,0.79207,0.29088,1.98506,2.79584,1.09018,1.87451,0,0.0001784,0.0001784,0.0001784
94,401.524,1.37988,1.94197,0.89062,1.38147,0,0.78995,0.72585,0.80312,0.33501,0.80817,0.73917,0.83385,0.30786,1.95649,2.75613,1.08251,1.88798,0,0.0001586,0.0001586,0.0001586
95,405.69,1.37695,1.98598,0.91232,1.38056,0,0.80697,0.73348,0.81699,0.35364,0.84283,0.75265,0.84298,0.32028,1.90914,2.76342,1.03254,1.85567,0,0.0001388,0.0001388,0.0001388
96,409.822,1.31665,1.94422,0.86004,1.33369,0,0.81552,0.7756,0.83132,0.35702,0.79707,0.75806,0.81413,0.32635,1.9095,2.78097,1.0214,1.8438,0,0.000119,0.000119,0.000119
97,413.939,1.42531,2.00637,0.88561,1.37913,0,0.79855,0.76505,0.83068,0.36277,0.81686,0.7826,0.86383,0.32027,1.92845,2.79105,1.01371,1.85815,0,9.92e-05,9.92e-05,9.92e-05
98,418.054,1.33923,1.88834,0.84597,1.31048,0,0.78872,0.78598,0.81943,0.34775,0.79228,0.78947,0.838,0.31539,1.95065,2.8038,1.04472,1.87759,0,7.94e-05,7.94e-05,7.94e-05
99,422.151,1.30325,1.85919,0.8309,1.29362,0,0.78893,0.78693,0.82098,0.36143,0.7848,0.77193,0.83059,0.3195,1.93005,2.78978,1.0436,1.86131,0,5.96e-05,5.96e-05,5.96e-05
100,426.363,1.32015,1.97157,0.82994,1.28186,0,0.774,0.78116,0.819,0.36496,0.81132,0.78947,0.84027,0.33073,1.91159,2.78895,1.01618,1.85461,0,3.98e-05,3.98e-05,3.98e-05
